Company Name,Company Description,Sales Markets,Primary Business Activity,Categories,Events,Address,Email,Telephone,Website
Cosun Ingredients,"Cosun Ingredients offers a broad portfolio of plant-based ingredient solutions, including Sensus® chicory root fiber, Tendra® fava bean protein and Fidesse® beet fiber. Combining expertise in fibers & prebiotics, proteins and texturants, we help foo...","Global, Europe, North America, Asia",Manufacturer / Supplier,"Food & Beverage Ingredients, Health & Wellness",Fi Europe 2026,Informa Verified Headquarters,contact@cosuningre.com,+44 20 7921 5000,https://www.ingredientsnetwork.com/
PRODUCT,"Magnesium Glycerophosphate, white powder, food grade. Applied as high-bioavailable magnesium fortifier for nutritional supplements.","Global, Europe, North America, Asia",Manufacturer / Supplier,"Food & Beverage Ingredients, Health & Wellness",Fi Europe 2026,Informa Verified Headquarters,contact@product.com,+44 20 7921 5000,https://www.ingredientsnetwork.com/
PRODUCT,"Betaine is a naturally occurring multifunctional compound that plays an important role in metabolic processes and osmotic regulation in humans, animals and plants. Originally identified in sugar beet (Beta vulgaris), betaine is widely present in nature, including in plants such as spinach and wheat, as wel...","Global, Europe, North America, Asia",Manufacturer / Supplier,"Food & Beverage Ingredients, Health & Wellness",Fi Europe 2026,Informa Verified Headquarters,contact@product.com,+44 20 7921 5000,https://www.ingredientsnetwork.com/
PRODUCT,Global supplier of specialty ingredients: PRODUCT,"Global, Europe, North America, Asia",Manufacturer / Supplier,"Food & Beverage Ingredients, Health & Wellness",Fi Europe 2026,Informa Verified Headquarters,contact@product.com,+44 20 7921 5000,https://www.ingredientsnetwork.com/
Arla Foods Ingredients,"Together we discover and deliver powerful nutrition for a stronger tomorrow Arla Foods Ingredients is a global leader in improving premium nutrition. Together with our customers, research partners, suppliers, NGOs and others, we discover and deliver...","Global, Europe, North America, Asia",Manufacturer / Supplier,"Food & Beverage Ingredients, Health & Wellness",Fi Europe 2026,Informa Verified Headquarters,contact@arlafoodsi.com,+44 20 7921 5000,https://www.ingredientsnetwork.com/
PRODUCT,BungeMaxx® S-1000 INF - Sunflower Lecithin for Infant Nutrition Applications,"Global, Europe, North America, Asia",Manufacturer / Supplier,"Food & Beverage Ingredients, Health & Wellness",Fi Europe 2026,Informa Verified Headquarters,contact@product.com,+44 20 7921 5000,https://www.ingredientsnetwork.com/
PRODUCT,"CreaWin is 100% DHT-free ultra-pure creatine monohydrate built for daily-use formulations where quality cannot be compromised. With 99.9% purity, batch-level COA, and GFSI-approved manufacturing, CreaWin delivers the specification consistency and supply reliability that premium brands demand – not just for...","Global, Europe, North America, Asia",Manufacturer / Supplier,"Food & Beverage Ingredients, Health & Wellness",Fi Europe 2026,Informa Verified Headquarters,contact@product.com,+44 20 7921 5000,https://www.ingredientsnetwork.com/
PRODUCT,"Frutafit® inulin and Frutalose® oligofructose are prebiotic, soluble dietary fibers with texturizing properties and a great taste that provide added health benefits. Inulin is highly versatile for a broad range of food applications from texturizing, to sugar and fat replacement to fiber enrichment; it...","Global, Europe, North America, Asia",Manufacturer / Supplier,"Food & Beverage Ingredients, Health & Wellness",Fi Europe 2026,Informa Verified Headquarters,contact@product.com,+44 20 7921 5000,https://www.ingredientsnetwork.com/
PB Leiner,"With 150 years of expertise, PB Leiner is one of the world's leading manufacturers of high-quality gelatins and collagen peptides solutions. It has manufacturing plants situated on four continents and it provides technical and sales support across t...","Global, Europe, North America, Asia",Manufacturer / Supplier,"Food & Beverage Ingredients, Health & Wellness",Fi Europe 2026,Informa Verified Headquarters,contact@pbleiner.com,+44 20 7921 5000,https://www.ingredientsnetwork.com/
PRODUCT,Jayanti offers a wide range of whole seed spices which includes black mustard. It originates India. It is available in whole form. It is natural and steam sterilized. It is ETO treated products thus low on microbial count. Contact us for more information.,"Global, Europe, North America, Asia",Manufacturer / Supplier,"Food & Beverage Ingredients, Health & Wellness",Fi Europe 2026,Informa Verified Headquarters,contact@product.com,+44 20 7921 5000,https://www.ingredientsnetwork.com/
PRODUCT,"Jelly or Gelatin desert is a dessert item. It comes in different taste choices, or flavors, depending on what fruit or artificial flavor has been added. Jelly is a cold and solid food that is normally made from hot water and powder. The powder is made from gelatin and various additives.","Global, Europe, North America, Asia",Manufacturer / Supplier,"Food & Beverage Ingredients, Health & Wellness",Fi Europe 2026,Informa Verified Headquarters,contact@product.com,+44 20 7921 5000,https://www.ingredientsnetwork.com/
PRODUCT,"Variolac® whey permeate delivers nutritious and cost-effective milk solids with a mild, dairy taste. A versatile ingredient that combines taste, functionality and affordability, helping manufacturers create appealing dairy and food applications while optimising costs.","Global, Europe, North America, Asia",Manufacturer / Supplier,"Food & Beverage Ingredients, Health & Wellness",Fi Europe 2026,Informa Verified Headquarters,contact@product.com,+44 20 7921 5000,https://www.ingredientsnetwork.com/
PharmaLinea Ltd,"PharmaLinea develops and manufactures clinically supported private label food supplements, fit for best-quality brands. Our portfolio of premium turnkey nutraceutical products covers therapeutic areas including iron deficiency, women's health, bones...","Global, Europe, North America, Asia",Manufacturer / Supplier,"Food & Beverage Ingredients, Health & Wellness",Fi Europe 2026,Informa Verified Headquarters,contact@pharmaline.com,+44 20 7921 5000,https://www.ingredientsnetwork.com/
PRODUCT,"We offer cost-effective and sustainably sourced proteins based on wheat and pea. Our plant-based proteins help customers to meet consumer demands for products with added health benefits meanwhile being functional, affordable, scalable and abundant. Our label-friendly pea protein offer, which requires no al...","Global, Europe, North America, Asia",Manufacturer / Supplier,"Food & Beverage Ingredients, Health & Wellness",Fi Europe 2026,Informa Verified Headquarters,contact@product.com,+44 20 7921 5000,https://www.ingredientsnetwork.com/
PRODUCT,"Angel Yeast Extract Basic Series is a kind of spray dying yeast extract made from autolysate baker’s yeast.  It can enhance the flavor, improve mouthfeel and provide natural taste to food. Powder form and paste also available.Applications: bouillons, soups, sauces and gravies, ready meals, meat pr...","Global, Europe, North America, Asia",Manufacturer / Supplier,"Food & Beverage Ingredients, Health & Wellness",Fi Europe 2026,Informa Verified Headquarters,contact@product.com,+44 20 7921 5000,https://www.ingredientsnetwork.com/
PRODUCT,>> WOMEN PMS and Period Pain Relief,"Global, Europe, North America, Asia",Manufacturer / Supplier,"Food & Beverage Ingredients, Health & Wellness",Fi Europe 2026,Informa Verified Headquarters,contact@product.com,+44 20 7921 5000,https://www.ingredientsnetwork.com/
Essentia Protein Solutions (BHJ A/S),"Whether you are looking to clean up your label, add appealing attributes to your food or beverage product or improve the nutritional value of your brand, Essentia Protein Solutions can help you reach your goals. Essentia Protein Solutions is a globa...","Global, Europe, North America, Asia",Manufacturer / Supplier,"Food & Beverage Ingredients, Health & Wellness",Fi Europe 2026,Informa Verified Headquarters,contact@essentiapr.com,+44 20 7921 5000,https://www.ingredientsnetwork.com/
PRODUCT,"Bakery improver formulated for cold chain processes. Enriched with 4 types of live lactic ferments, it guarantees excellent results across all applications: proofing chamber and frozen doughs (raw, pre-fermented and par-baked). Perfect for all types of bread, pizza bases and large leavened cakes. Fros Pro ...","Global, Europe, North America, Asia",Manufacturer / Supplier,"Food & Beverage Ingredients, Health & Wellness",Fi Europe 2026,Informa Verified Headquarters,contact@product.com,+44 20 7921 5000,https://www.ingredientsnetwork.com/
PRODUCT,"A first-of-its-kind solution combining the benefits of whey protein, prebiotic galacto-oligosaccharides (Vivinal® GOS) and probiotic cultures by fermenting them together – for shakes, powder sticks and now launched in a new ready-to-drink (RTD) concept","Global, Europe, North America, Asia",Manufacturer / Supplier,"Food & Beverage Ingredients, Health & Wellness",Fi Europe 2026,Informa Verified Headquarters,contact@product.com,+44 20 7921 5000,https://www.ingredientsnetwork.com/
PRODUCT,"Bovine gelatin is a versatile product with a wide range of applications in sectors such as food, confectionery, beverages, and pharmaceuticals. It stands out for its transparency, gelling ability, and binding properties — combining our traditional production expertise with advanced technology to delive...","Global, Europe, North America, Asia",Manufacturer / Supplier,"Food & Beverage Ingredients, Health & Wellness",Fi Europe 2026,Informa Verified Headquarters,contact@product.com,+44 20 7921 5000,https://www.ingredientsnetwork.com/
Nektium,"Nektium is a Spain-based nutraceutical company that combines ethnobotanical knowledge, science, and market insights to create innovative plant-based solutions, promoting sustainable & healthy living worldwide. Our product portfolio covers a range o...","Global, Europe, North America, Asia",Manufacturer / Supplier,"Food & Beverage Ingredients, Health & Wellness",Fi Europe 2026,Informa Verified Headquarters,contact@nektium.com,+44 20 7921 5000,https://www.ingredientsnetwork.com/
PRODUCT,"Omnia Nisasta offers wide range of products which includes fructosan crystalline fructose. It is a natural non-gmo sweetener well appreciated for its various features and benefits. It is beneficial for healthy living, low glycemic index (g), slow release energy, synergy with intense, non caloric sweeteners...","Global, Europe, North America, Asia",Manufacturer / Supplier,"Food & Beverage Ingredients, Health & Wellness",Fi Europe 2026,Informa Verified Headquarters,contact@product.com,+44 20 7921 5000,https://www.ingredientsnetwork.com/
PRODUCT,"Lower dosage, higher efficiency. Eficacia™ Advanced, a 100% natural acacia gum emulsifier in a highly granulated form, delivers stable, high-quality emulsions at lower dosages, simplifying processing and helping cut formulation costs by up to 50%.","Global, Europe, North America, Asia",Manufacturer / Supplier,"Food & Beverage Ingredients, Health & Wellness",Fi Europe 2026,Informa Verified Headquarters,contact@product.com,+44 20 7921 5000,https://www.ingredientsnetwork.com/
PRODUCT,"Tap into the growing demand for meal toppers with PalPremio™ Bone Broth. Combining rich, meaty palatability with protein and naturally occurring collagen, it enables manufacturers to create differentiated products with both sensory and nutritional appeal. Available in beef, pork, lamb, and chicken, it brin...","Global, Europe, North America, Asia",Manufacturer / Supplier,"Food & Beverage Ingredients, Health & Wellness",Fi Europe 2026,Informa Verified Headquarters,contact@product.com,+44 20 7921 5000,https://www.ingredientsnetwork.com/
Sabinsa Europe GmbH,"Sabinsa, founded in 1988, is a manufacturer, supplier and marketer of over 130 herbal and botanical extracts, biotics, minerals, and specialty fine chemicals for the dietary supplement, functional food and beverage, personal care, and cosmetics indu...","Global, Europe, North America, Asia",Manufacturer / Supplier,"Food & Beverage Ingredients, Health & Wellness",Fi Europe 2026,Informa Verified Headquarters,contact@sabinsaeur.com,+44 20 7921 5000,https://www.ingredientsnetwork.com/
PRODUCT,"Vegetable fat solution suitable for sliced and hard cheese analogues. Available with sustainability certification, it offers a melting profile similar to butter, neutral taste, excellent oxidative stability. Its nutritional properties, aligned with dairy fat, makes it a reliable choice where both performan...","Global, Europe, North America, Asia",Manufacturer / Supplier,"Food & Beverage Ingredients, Health & Wellness",Fi Europe 2026,Informa Verified Headquarters,contact@product.com,+44 20 7921 5000,https://www.ingredientsnetwork.com/
PRODUCT,Feeding the future with Faba Bean ingredients,"Global, Europe, North America, Asia",Manufacturer / Supplier,"Food & Beverage Ingredients, Health & Wellness",Fi Europe 2026,Informa Verified Headquarters,contact@product.com,+44 20 7921 5000,https://www.ingredientsnetwork.com/
PRODUCT,"The Fiber behind the Hybrid. Fiber System VITACEL® MGN, a dedicated blend with synergistic effects, enhances hybrid meat products. Improved water binding, reduced cooking loss and improved shape retention contribute to product performance, while added dietary fiber helps meet growing consumer demand for nu...","Global, Europe, North America, Asia",Manufacturer / Supplier,"Food & Beverage Ingredients, Health & Wellness",Fi Europe 2026,Informa Verified Headquarters,contact@product.com,+44 20 7921 5000,https://www.ingredientsnetwork.com/
Jungbunzlauer,"Jungbunzlauer is a leading producer of high-quality, sustainable ingredients from natural sources, serving industries from food and beverage, to nutrition, health, and home and personal care. As a trusted partner, we offer a diverse portfolio of tex...","Global, Europe, North America, Asia",Manufacturer / Supplier,"Food & Beverage Ingredients, Health & Wellness",Fi Europe 2026,Informa Verified Headquarters,contact@jungbunzla.com,+44 20 7921 5000,https://www.ingredientsnetwork.com/
PRODUCT,Lamequick® VE 56 - Premium Plant-Based Whipping Agent,"Global, Europe, North America, Asia",Manufacturer / Supplier,"Food & Beverage Ingredients, Health & Wellness",Fi Europe 2026,Informa Verified Headquarters,contact@product.com,+44 20 7921 5000,https://www.ingredientsnetwork.com/
