Title,Departing From,Destination,Ports Of Call,Duration,Date Range,Available Dates Count,Inside Price,Oceanview Price,Balcony Price,Suite Price,Starting Price,Booking URL,Inclusions
3-Night Bahamian Cruise from Port Canaveral,"Port Canaveral, Florida",Bahamian,"Nassau, Bahamas; Disney Castaway Cay",3 Nights,Nov 2026 - Jan 2027,56,$1750 USD,$1980 USD,$2240 USD,$3800 USD,$1750 USD,https://disneycruise.disney.go.com/en-in/,"Broadway-style shows, Disney Character meet-and-greets, rotary dining"
4-Night Bahamian Cruise from Port Canaveral,"Port Canaveral, Florida",Bahamian,"Nassau, Bahamas; Disney Castaway Cay; Disney Lookout Cay",4 Nights,Nov 2026 - Feb 2027,48,$2088 USD,$2320 USD,$2650 USD,$4200 USD,$2088 USD,https://disneycruise.disney.go.com/en-in/,"Private island access, fireworks at sea, deck parties"
4-Night Bahamian Cruise from Miami,"Miami, Florida",Bahamian,"Nassau, Bahamas; Disney Lookout Cay at Lighthouse Point",4 Nights,Dec 2026 - Mar 2027,34,$1864 USD,$2100 USD,$2490 USD,$3950 USD,$1864 USD,https://disneycruise.disney.go.com/en-in/,"Bahamian island cultural activities, youth clubs, adult lounges"
5-Night Western Caribbean Cruise from Fort Lauderdale,"Fort Lauderdale, Florida",Western Caribbean,"Cozumel, Mexico; Disney Castaway Cay",5 Nights,Jan 2027 - Apr 2027,22,$2340 USD,$2650 USD,$3100 USD,$5100 USD,$2340 USD,https://disneycruise.disney.go.com/en-in/,"Snorkeling excursions, Mayan ruins exploration, live stage shows"
7-Night Pacific Coast Cruise from Vancouver,"Vancouver, Canada",Pacific,"Victoria, British Columbia; San Diego, California; Ensenada, Mexico",7 Nights,Sep 2026 - Oct 2026,14,$2450 USD,$2890 USD,$3400 USD,$5600 USD,$2450 USD,https://disneycruise.disney.go.com/en-in/,"Pacific coastal scenic viewing, whale watching, themed parties"
5-Night Pacific Coast Cruise from San Diego,"San Diego, California",Pacific,"San Francisco, California; Victoria, British Columbia",5 Nights,Oct 2026 - Nov 2026,8,$1920 USD,$2210 USD,$2680 USD,$4150 USD,$1920 USD,https://disneycruise.disney.go.com/en-in/,"San Francisco Bay sailing, wine country excursions, character dining"
7-Night British Isles Cruise from London (Southampton),"Southampton (London), England",Europe,"Greenock (Glasgow), Scotland; Liverpool, England; Dublin, Ireland",7 Nights,May 2027 - Aug 2027,12,$3120 USD,$3560 USD,$4200 USD,$6900 USD,$3120 USD,https://disneycruise.disney.go.com/en-in/,"Historic castles, Scottish highlands, West End-style Disney theater"
4-Night Very Merrytime Bahamian Cruise from Miami,"Miami, Florida",Bahamian,"Disney Castaway Cay; Nassau, Bahamas",4 Nights,Nov 2026 - Dec 2026,18,$2250 USD,$2540 USD,$2990 USD,$4700 USD,$2250 USD,https://disneycruise.disney.go.com/en-in/,"Holiday tree lighting, Santa meet-and-greets, themed holiday feast"
7-Night Holiday Western Caribbean Cruise from Port Canaveral,"Port Canaveral, Florida",Western Caribbean,"Grand Cayman; Cozumel, Mexico; Disney Castaway Cay",7 Nights,Dec 2026,4,$3400 USD,$3890 USD,$4500 USD,$7800 USD,$3400 USD,https://disneycruise.disney.go.com/en-in/,"Christmas Eve gala dinner, Disney character holiday attire, New Year countdown"
3-Night Baja Cruise from San Diego,"San Diego, California",Pacific,"Ensenada, Mexico",3 Nights,Nov 2026 - Jan 2027,26,$1450 USD,$1680 USD,$1990 USD,$3200 USD,$1450 USD,https://disneycruise.disney.go.com/en-in/,"Mexican coastal cuisine, pool deck celebrations, Disney movie theater"
